patient_id,bowel_healthy,bowel_injury,extravasation_healthy,extravasation_injury,kidney_healthy,kidney_low,kidney_high,liver_healthy,liver_low,liver_high,spleen_healthy,spleen_low,spleen_high
48843,0.9839461799710989,0.0160538200289011,0.908651702105999,0.09134829789400101,0.9648962020874023,0.01864752732217312,0.01645626500248909,0.9109388589859009,0.07870188355445862,0.010359330102801323,0.837846577167511,0.08345182240009308,0.07870158553123474
50046,0.9839461799710989,0.0160538200289011,0.908651702105999,0.09134829789400101,0.9648962020874023,0.01864752732217312,0.01645626500248909,0.9109388589859009,0.07870188355445862,0.010359330102801323,0.837846577167511,0.08345182240009308,0.07870158553123474
63706,0.9839461799710989,0.0160538200289011,0.908651702105999,0.09134829789400101,0.9648962020874023,0.01864752732217312,0.01645626500248909,0.9109388589859009,0.07870188355445862,0.010359330102801323,0.837846577167511,0.08345182240009308,0.07870158553123474
